{"cameraMode":{"drawMode":0,"name":"Shaded","section":"Shading Mode"},"sceneLighting":true,"audioPlay":false,"sceneViewState":{"m_AlwaysRefresh":false,"showFog":true,"showSkybox":true,"showFlares":true,"showImageEffects":true,"showParticleSystems":true,"showVisualEffectGraphs":true,"m_FxEnabled":true},"in2DMode":false,"pivot":{"x":-3.008942127227783,"y":2.9741909503936769,"z":30.103487014770509},"rotation":{"x":-0.13399766385555268,"y":-0.0029275657143443825,"z":0.0005188081995584071,"w":-0.9910138845443726},"size":0.5902853012084961,"orthographic":false}